product_id,product_name,category_id,launch_date,price
P001,iPhone 15 Pro Max,CAT001,2025-04-29,1199.0
P002,iPhone 15 Pro,CAT001,2025-05-02,999.0
P003,iPhone 15 Plus,CAT001,2025-05-20,899.0
P004,iPhone 15,CAT001,2025-06-01,799.0
P005,iPhone 14 Pro Max,CAT001,2024-07-18,1099.0
P006,iPhone 14 Pro,CAT001,2024-04-08,899.0
P007,iPhone 14,CAT001,2024-05-02,699.0
P008,iPhone SE,CAT001,2024-01-08,429.0
P009,"iPad Pro 12.9""",CAT002,2025-07-26,1099.0
P010,"iPad Pro 11""",CAT002,2024-11-22,799.0
P011,iPad Air,CAT002,2023-06-27,599.0
P012,"iPad 10.2""",CAT002,2022-10-28,329.0
P013,iPad mini,CAT002,2024-11-01,499.0
P014,"MacBook Pro 16""",CAT003,2024-12-14,2499.0
P015,"MacBook Pro 14""",CAT003,2024-12-06,1999.0
P016,MacBook Air,CAT003,2024-10-06,1099.0
P017,"iMac 24""",CAT003,2023-11-28,1299.0
P018,Mac Studio,CAT003,2023-08-15,1999.0
P019,Mac Pro,CAT003,2023-09-05,5999.0
P020,Mac mini,CAT003,2023-02-15,599.0
P021,Apple Watch Ultra 2,CAT004,2024-04-13,799.0
P022,Apple Watch Series 9,CAT004,2025-06-29,399.0
P023,Apple Watch SE,CAT004,2024-01-18,249.0
P024,AirPods Pro 2,CAT005,2023-06-27,249.0
P025,AirPods 3,CAT005,2024-06-14,169.0
P026,AirPods Max,CAT005,2024-10-21,549.0
P027,Apple TV 4K,CAT006,2024-01-09,129.0
P028,HomePod mini,CAT007,2023-06-28,99.0
P029,HomePod 2,CAT007,2022-11-22,299.0
P030,Magic Keyboard,CAT008,2024-06-03,299.0
P031,Magic Mouse,CAT008,2023-07-25,99.0
P032,Apple Pencil 2,CAT008,2023-07-25,129.0
P033,Smart Folio,CAT008,2023-03-30,79.0
P034,Lightning Cable,CAT008,2023-02-08,19.0
P035,USB-C Cable,CAT008,2023-03-05,19.0
P036,Apple Music 1 Year,CAT009,2023-02-09,99.0
P037,Apple TV+ 1 Year,CAT009,2024-10-27,69.0
P038,Apple Arcade 1 Year,CAT009,2025-01-06,49.0
P039,iCloud+ 2TB,CAT009,2025-04-10,9.99
P040,Final Cut Pro,CAT010,2022-10-09,299.99
P041,Logic Pro,CAT010,2024-04-21,199.99
P042,Beats Studio Pro,CAT011,2024-09-29,349.99
P043,Beats Fit Pro,CAT011,2023-12-13,199.99
P044,Beats Solo 4,CAT011,2024-08-05,199.99
P045,Apple Beats Occur,CAT011,2024-01-09,155.75
P046,Apple AirPods Through,CAT005,2022-01-03,282.64
P047,"MacBook Pro 13""",CAT003,2023-02-13,692.85
P048,Apple Services Treat,CAT009,2023-01-15,132.58
P049,Apple HomePod Society,CAT007,2022-02-16,80.18
P050,iPad 9th Gen,CAT002,2023-10-26,271.02
P051,Apple Software Land,CAT010,2022-06-23,75.2
P052,Apple Apple Watch Realize,CAT004,2024-12-05,730.21
P053,Apple Services Shake,CAT009,2024-11-12,448.53
P054,Apple Accessories Long,CAT008,2021-12-08,609.79
P055,iPhone 13 mini,CAT001,2022-09-27,451.47
P056,Apple AirPods Benefit,CAT005,2022-09-04,197.7
P057,Apple Apple TV Table,CAT006,2023-08-14,147.09
P058,Apple HomePod Career,CAT007,2021-12-17,141.87
P059,Apple Apple TV Rather,CAT006,2025-07-19,623.53
P060,iPhone 11 ,CAT001,2025-05-21,559.41
P061,Apple HomePod Artist,CAT007,2025-01-26,124.85
P062,Apple AirPods Practice,CAT005,2023-07-22,837.92
P063,Apple Software Mr,CAT010,2023-08-20,891.17
P064,Apple Apple TV Success,CAT006,2024-12-29,598.47
P065,iPad 9th Gen,CAT002,2022-04-22,678.19
P066,Apple AirPods It,CAT005,2023-07-21,985.95
P067,Apple Apple Watch Star,CAT004,2024-12-01,873.15
P068,Apple HomePod Wait,CAT007,2023-08-17,314.06
P069,Apple Beats Yet,CAT011,2022-11-06,842.39
P070,MacBook Air M1,CAT003,2021-11-06,387.5
P071,Apple Beats Mouth,CAT011,2021-11-24,303.62
P072,Apple Beats Community,CAT011,2022-08-27,665.62
P073,Apple Software Action,CAT010,2022-01-08,653.22
P074,Apple Services Possible,CAT009,2022-09-25,742.66
P075,MacBook Air M1,CAT003,2023-02-07,410.47
P076,Apple Beats Travel,CAT011,2025-04-20,703.74
P077,Apple Apple Watch Want,CAT004,2022-05-13,700.37
P078,iPhone 13 Pro,CAT001,2024-01-02,814.78
P079,Apple HomePod Guess,CAT007,2021-12-20,304.34
P080,Apple Apple Watch Issue,CAT004,2021-12-10,917.47
P081,Apple Software Yes,CAT010,2022-03-08,882.54
P082,Apple Apple TV Agreement,CAT006,2023-11-13,251.99
P083,Apple Accessories Still,CAT008,2023-12-25,425.84
P084,Apple Beats Decide,CAT011,2023-10-21,485.9
P085,Apple AirPods Knowledge,CAT005,2024-03-26,182.64
P086,Apple Services Hospital,CAT009,2024-10-09,562.02
P087,Apple Software Policy,CAT010,2023-12-07,457.0
P088,Apple Software Machine,CAT010,2022-04-21,429.42
P089,Apple Apple Watch Itself,CAT004,2024-04-05,997.45
P090,MacBook Air M1,CAT003,2024-08-23,136.35
P091,iPhone 13 Pro,CAT001,2025-02-06,646.06
P092,Apple Beats Sister,CAT011,2022-06-14,451.04
P093,iPad 8th Gen,CAT002,2022-10-28,412.53
P094,Apple Accessories Notice,CAT008,2023-06-30,552.65
P095,Apple Services Machine,CAT009,2025-01-07,867.73
P096,iPhone 11 mini,CAT001,2021-12-23,158.81
P097,Apple Services Smile,CAT009,2024-02-14,763.32
P098,Apple Beats Prove,CAT011,2024-08-27,373.16
P099,Apple AirPods Throughout,CAT005,2022-09-05,463.02
P100,Apple Accessories True,CAT008,2022-02-20,53.07
P101,Apple AirPods Claim,CAT005,2025-01-01,973.28
P102,"MacBook Pro 13""",CAT003,2024-09-22,876.98
P103,Apple AirPods Push,CAT005,2021-10-01,849.58
P104,Apple Services All,CAT009,2024-07-09,628.51
P105,MacBook Air M1,CAT003,2025-02-05,774.38
P106,Apple Services Score,CAT009,2023-07-30,955.81
P107,Apple Services Exactly,CAT009,2023-11-01,922.56
P108,Apple Software Director,CAT010,2023-02-25,357.94
P109,iPhone 13 ,CAT001,2024-07-17,884.78
P110,Apple AirPods Now,CAT005,2022-02-03,277.47
P111,Apple Apple Watch Address,CAT004,2024-08-28,884.1
P112,iPad 9th Gen,CAT002,2022-10-15,745.3
P113,iPad Air 4,CAT002,2023-09-18,777.53
P114,MacBook Air M1,CAT003,2022-04-06,949.5
P115,MacBook Air M1,CAT003,2025-06-23,551.28
P116,Apple Software So,CAT010,2021-09-20,451.97
P117,Apple Apple Watch Report,CAT004,2023-08-15,932.46
P118,Apple Apple Watch Firm,CAT004,2024-08-25,727.29
P119,Apple HomePod Store,CAT007,2022-07-26,995.38
P120,Apple Beats Town,CAT011,2022-04-23,404.74
P121,Apple Services Part,CAT009,2025-07-18,478.9
P122,Apple Apple Watch Control,CAT004,2025-07-12,263.45
P123,Apple Apple TV Remember,CAT006,2023-05-20,69.97
P124,Apple Services Air,CAT009,2025-07-06,268.6
P125,Apple Apple Watch Physical,CAT004,2021-10-26,56.82
P126,Apple Beats Against,CAT011,2023-05-24,105.92
P127,iPad 9th Gen,CAT002,2022-11-25,866.64
P128,iPad Air 4,CAT002,2024-08-16,276.09
P129,Apple Beats Sport,CAT011,2025-04-26,511.13
P130,Apple Services Federal,CAT009,2023-09-26,175.69
P131,Apple Software Health,CAT010,2024-11-25,597.39
P132,Apple Apple Watch Music,CAT004,2022-06-23,795.38
P133,Apple HomePod Policy,CAT007,2023-10-05,230.88
P134,iPad Air 4,CAT002,2023-09-17,459.49
P135,Apple HomePod Crime,CAT007,2025-04-08,440.54
P136,iPhone 11 mini,CAT001,2022-12-30,984.95
P137,iPad 9th Gen,CAT002,2022-03-06,432.48
P138,Apple Apple TV Yet,CAT006,2022-03-06,810.55
P139,iPad 9th Gen,CAT002,2022-07-06,232.0
P140,Apple Services Who,CAT009,2025-06-16,476.17
P141,Apple HomePod Necessary,CAT007,2024-10-11,224.3
P142,Apple Accessories Drug,CAT008,2024-03-26,287.31
P143,iPad 8th Gen,CAT002,2025-08-03,817.61
P144,Apple Services Large,CAT009,2021-11-17,143.0
P145,Apple Beats National,CAT011,2024-05-10,999.31
P146,iPhone 13 Pro,CAT001,2022-11-15,207.99
P147,Apple Accessories Decision,CAT008,2022-02-12,507.28
P148,Apple HomePod Light,CAT007,2023-03-25,907.31
P149,MacBook Air M1,CAT003,2025-01-23,52.04
P150,Apple HomePod Whose,CAT007,2024-11-17,301.93
P151,Apple Accessories Usually,CAT008,2023-07-20,320.98
P152,Apple Services Movie,CAT009,2024-11-28,678.77
P153,Apple Accessories Whole,CAT008,2021-12-04,197.05
P154,Apple AirPods Thing,CAT005,2025-04-24,256.81
P155,iPhone 11 mini,CAT001,2024-01-18,565.08
P156,Apple Apple TV Decade,CAT006,2024-09-20,104.3
P157,Apple Software Lead,CAT010,2023-09-22,502.94
P158,Apple Services He,CAT009,2022-10-08,199.55
P159,Apple Services Throughout,CAT009,2024-05-05,126.1
P160,"MacBook Pro 13""",CAT003,2023-06-05,615.27
P161,Apple Beats Stock,CAT011,2025-07-19,868.72
P162,Apple HomePod Right,CAT007,2021-12-17,163.88
P163,Apple Software Read,CAT010,2024-04-06,283.89
P164,Apple Software And,CAT010,2022-03-08,87.74
P165,iPad 8th Gen,CAT002,2025-08-05,674.49
P166,Apple Software Try,CAT010,2023-09-17,546.63
P167,Apple AirPods Little,CAT005,2024-10-13,244.04
P168,Apple Apple TV While,CAT006,2023-04-09,276.74
P169,Apple HomePod History,CAT007,2025-07-08,174.32
P170,Apple Beats Sense,CAT011,2025-06-26,334.99
P171,Apple Apple TV All,CAT006,2024-07-21,932.56
P172,iPad 9th Gen,CAT002,2022-01-26,485.36
P173,Apple Software Artist,CAT010,2022-01-31,996.28
P174,iPad Air 4,CAT002,2022-03-16,252.49
P175,Apple AirPods For,CAT005,2025-04-03,175.82
P176,Apple Apple TV American,CAT006,2022-07-06,886.81
P177,Apple Apple Watch Election,CAT004,2025-06-01,401.04
P178,MacBook Air M1,CAT003,2023-05-03,842.05
P179,Apple AirPods Serve,CAT005,2023-12-24,631.08
P180,Apple Beats President,CAT011,2024-06-18,552.48
P181,Apple Beats Fine,CAT011,2024-10-26,826.24
P182,Apple AirPods Water,CAT005,2024-12-09,935.16
P183,iPad 9th Gen,CAT002,2022-09-07,301.23
P184,iPad Air 4,CAT002,2024-10-16,575.55
P185,Apple AirPods Speak,CAT005,2022-12-24,317.66
P186,Apple Apple Watch How,CAT004,2025-06-30,731.72
P187,Apple Apple Watch Improve,CAT004,2023-02-07,703.11
P188,Apple AirPods Lead,CAT005,2022-03-08,530.13
P189,Apple AirPods Tax,CAT005,2023-03-02,910.06
P190,iPhone 13 mini,CAT001,2021-12-29,452.39
P191,Apple AirPods What,CAT005,2025-03-17,91.87
P192,Apple Apple TV Sense,CAT006,2022-05-18,782.55
P193,Apple Beats Official,CAT011,2024-06-20,980.8
P194,MacBook Air M1,CAT003,2025-04-07,574.09
P195,Apple HomePod Hit,CAT007,2021-10-31,582.85
P196,iPad 9th Gen,CAT002,2023-03-20,947.79
P197,"MacBook Pro 13""",CAT003,2022-04-01,842.86
P198,Apple Software Administration,CAT010,2023-12-11,574.89
P199,Apple HomePod Very,CAT007,2022-03-02,171.06
P200,Apple AirPods Field,CAT005,2024-10-24,396.41
P201,iPhone 12 Pro,CAT001,2022-08-24,697.95
P202,Apple Beats Speech,CAT011,2024-01-18,147.64
P203,Apple Services Fund,CAT009,2022-08-01,889.92
P204,Apple HomePod You,CAT007,2023-01-14,975.14
P205,"MacBook Pro 13""",CAT003,2025-05-02,871.37
P206,MacBook Air M1,CAT003,2024-07-02,73.54
P207,Apple Apple TV Significant,CAT006,2023-05-10,793.26
P208,Apple HomePod Customer,CAT007,2022-04-16,812.11
P209,Apple Apple Watch Save,CAT004,2022-09-21,303.46
P210,iPad 8th Gen,CAT002,2023-07-12,878.55
P211,Apple Accessories Box,CAT008,2025-04-28,261.3
P212,Apple Accessories Hair,CAT008,2021-11-10,382.17
P213,Apple Apple Watch Beautiful,CAT004,2025-03-07,261.77
P214,Apple Beats Around,CAT011,2022-12-03,233.46
P215,Apple Apple TV Stock,CAT006,2023-12-23,314.66
P216,iPad 8th Gen,CAT002,2023-12-02,383.58
P217,Apple Services Fight,CAT009,2022-08-04,429.68
P218,Apple Services Magazine,CAT009,2023-01-28,364.58
P219,iPhone 13 ,CAT001,2023-09-07,219.63
P220,Apple AirPods Partner,CAT005,2023-08-02,86.33
P221,Apple Software Stay,CAT010,2022-10-01,462.83
P222,Apple Apple TV Mr,CAT006,2021-11-22,464.56
P223,Apple Services Local,CAT009,2021-10-17,159.85
P224,Apple Software Pm,CAT010,2023-01-18,230.56
P225,iPhone 11 ,CAT001,2024-10-08,51.6
P226,Apple Services Class,CAT009,2025-05-31,702.5
P227,Apple Beats Data,CAT011,2024-08-10,237.17
P228,Apple HomePod Government,CAT007,2024-09-18,116.47
P229,Apple Beats Whatever,CAT011,2023-08-29,924.72
P230,Apple Software Hundred,CAT010,2022-11-14,348.21
P231,iPad Air 4,CAT002,2022-10-28,905.03
P232,Apple Services People,CAT009,2024-02-24,343.81
P233,Apple HomePod Try,CAT007,2022-09-08,359.86
P234,Apple AirPods Sea,CAT005,2023-05-07,576.68
P235,Apple Apple Watch Season,CAT004,2024-02-29,449.41
P236,Apple HomePod Find,CAT007,2021-12-13,693.44
P237,MacBook Air M1,CAT003,2021-10-26,435.76
P238,iPhone 12 ,CAT001,2024-12-30,249.66
P239,Apple Software Campaign,CAT010,2024-05-17,626.32
P240,Apple Apple TV Cold,CAT006,2024-07-11,491.73
P241,Apple Accessories Speak,CAT008,2022-11-10,691.84
P242,Apple Services Group,CAT009,2023-04-23,499.52
P243,"MacBook Pro 13""",CAT003,2023-07-24,319.59
P244,Apple Beats Throughout,CAT011,2025-05-29,651.28
P245,Apple Apple TV Have,CAT006,2025-03-31,138.71
P246,Apple Apple Watch Coach,CAT004,2021-12-05,689.15
P247,Apple Apple Watch Particularly,CAT004,2025-02-23,816.22
P248,"MacBook Pro 13""",CAT003,2022-06-01,93.89
P249,Apple Accessories But,CAT008,2023-06-23,630.7
P250,iPad 8th Gen,CAT002,2024-12-12,443.71
P251,Apple Beats Science,CAT011,2025-05-10,596.88
P252,Apple HomePod Nation,CAT007,2022-02-21,519.65
P253,Apple Apple Watch Learn,CAT004,2025-05-02,190.18
P254,iPhone 13 ,CAT001,2023-05-12,257.89
P255,Apple Services Oil,CAT009,2023-03-02,491.31
P256,Apple Services Product,CAT009,2022-01-28,286.73
P257,iPad 8th Gen,CAT002,2022-03-24,176.66
P258,Apple Accessories Write,CAT008,2023-10-23,684.19
P259,Apple Services Policy,CAT009,2025-03-15,615.67
P260,Apple Accessories Small,CAT008,2024-12-31,632.01
P261,Apple Services Treatment,CAT009,2023-04-20,455.39
P262,Apple Services Standard,CAT009,2024-08-06,473.61
P263,MacBook Air M1,CAT003,2025-04-01,477.56
P264,Apple Apple Watch Order,CAT004,2021-12-14,847.86
P265,Apple AirPods Information,CAT005,2021-10-19,777.51
P266,Apple Services Strong,CAT009,2024-11-17,510.36
P267,Apple Apple Watch Sea,CAT004,2024-01-16,310.86
P268,iPad Air 4,CAT002,2025-03-30,321.43
P269,Apple AirPods Push,CAT005,2023-10-15,369.05
P270,Apple Services Amount,CAT009,2022-02-17,126.54
P271,"MacBook Pro 13""",CAT003,2021-12-26,413.87
P272,"MacBook Pro 13""",CAT003,2023-02-09,111.01
P273,Apple HomePod Entire,CAT007,2025-06-18,364.33
P274,Apple Accessories Claim,CAT008,2024-06-25,444.98
P275,Apple Apple Watch Every,CAT004,2021-09-17,841.24
P276,Apple HomePod Soon,CAT007,2022-07-23,909.59
P277,Apple Software Question,CAT010,2022-02-22,948.75
P278,iPhone 11 ,CAT001,2024-06-24,503.12
P279,Apple Apple TV Whom,CAT006,2025-06-29,333.67
P280,Apple HomePod There,CAT007,2023-06-07,860.77
P281,Apple HomePod Fill,CAT007,2021-11-29,561.3
P282,Apple Services Cut,CAT009,2022-08-14,809.86
P283,Apple Apple Watch Environment,CAT004,2023-08-09,513.81
P284,Apple AirPods Site,CAT005,2023-03-06,464.03
P285,iPhone 12 ,CAT001,2023-06-27,685.42
P286,Apple HomePod Soon,CAT007,2021-10-18,737.96
P287,Apple Accessories Public,CAT008,2024-01-10,923.55
P288,Apple Software Able,CAT010,2022-11-21,557.41
P289,Apple HomePod Matter,CAT007,2022-07-21,612.29
P290,Apple Beats Under,CAT011,2024-05-21,75.74
P291,Apple Beats Energy,CAT011,2023-12-12,457.17
P292,Apple Accessories Weight,CAT008,2024-12-08,222.63
P293,Apple AirPods View,CAT005,2024-05-28,410.14
P294,Apple Apple Watch Stock,CAT004,2024-01-05,481.95
P295,Apple Apple TV Soon,CAT006,2022-06-27,773.16
P296,Apple HomePod Your,CAT007,2024-06-26,314.33
P297,Apple HomePod Plant,CAT007,2025-04-30,289.65
P298,iPad 8th Gen,CAT002,2023-08-08,68.4
P299,Apple Services Effect,CAT009,2025-07-14,99.47
P300,Apple Apple TV Check,CAT006,2024-01-08,263.0
P301,iPad Air 4,CAT002,2024-01-22,88.24
P302,iPhone 13 Pro,CAT001,2023-04-27,847.26
P303,Apple Software Worker,CAT010,2023-07-07,194.75
P304,MacBook Air M1,CAT003,2022-11-02,685.98
P305,Apple Software Green,CAT010,2024-02-24,950.36
P306,Apple Accessories Threat,CAT008,2023-07-18,714.48
P307,Apple Apple TV Since,CAT006,2025-03-27,209.39
P308,Apple Software Police,CAT010,2024-06-27,965.54
P309,iPad 9th Gen,CAT002,2022-06-24,966.47
P310,iPad Air 4,CAT002,2024-11-03,74.38
P311,Apple AirPods Explain,CAT005,2024-12-02,597.0
P312,Apple HomePod Leave,CAT007,2024-04-30,426.81
P313,Apple Apple Watch On,CAT004,2024-11-14,122.19
P314,Apple Beats Amount,CAT011,2022-07-07,280.7
P315,Apple AirPods Detail,CAT005,2021-09-22,857.77
P316,Apple Software Reason,CAT010,2022-01-10,815.24
P317,Apple Software Class,CAT010,2025-03-20,793.49
P318,Apple Apple TV Dark,CAT006,2022-11-02,556.1
P319,Apple Beats Election,CAT011,2022-01-04,402.03
P320,Apple Services Find,CAT009,2022-10-01,665.16
P321,iPhone 12 ,CAT001,2023-11-25,150.25
P322,Apple Apple TV Official,CAT006,2025-06-02,653.8
P323,Apple Accessories Soldier,CAT008,2023-12-21,721.93
P324,Apple HomePod Open,CAT007,2024-10-29,217.32
P325,Apple Services Friend,CAT009,2023-07-21,967.19
P326,Apple AirPods Bill,CAT005,2024-08-31,635.11
P327,Apple Services Put,CAT009,2025-06-28,785.9
P328,Apple Accessories Matter,CAT008,2023-02-09,463.79
P329,Apple Software Film,CAT010,2022-11-03,304.97
P330,Apple Apple Watch Wait,CAT004,2025-02-25,839.18
P331,iPad 8th Gen,CAT002,2022-04-10,887.54
P332,Apple Apple Watch Action,CAT004,2022-07-23,762.94
P333,Apple Software Trial,CAT010,2022-02-21,629.81
P334,Apple HomePod Eat,CAT007,2025-06-18,369.57
P335,Apple Accessories Force,CAT008,2022-08-02,858.4
P336,MacBook Air M1,CAT003,2024-01-30,251.5
P337,Apple AirPods Job,CAT005,2022-12-28,373.31
P338,Apple Software Lose,CAT010,2023-11-04,716.11
P339,Apple AirPods Place,CAT005,2023-02-25,577.99
P340,Apple Services Figure,CAT009,2023-06-10,950.65
P341,iPad 9th Gen,CAT002,2021-09-26,734.06
P342,Apple Accessories How,CAT008,2024-05-30,577.41
P343,Apple Apple Watch Learn,CAT004,2024-04-08,706.07
P344,Apple Beats Figure,CAT011,2025-05-23,726.24
P345,Apple Accessories House,CAT008,2024-01-19,803.28
P346,iPad 8th Gen,CAT002,2025-03-22,260.51
P347,Apple Apple Watch Water,CAT004,2025-07-22,340.89
P348,Apple Software Director,CAT010,2024-07-16,400.56
P349,Apple Services Peace,CAT009,2024-10-11,554.37
P350,Apple HomePod Deal,CAT007,2024-07-07,996.79
P351,Apple Services Imagine,CAT009,2023-12-27,364.24
P352,Apple Accessories Song,CAT008,2025-06-21,307.36
P353,Apple AirPods Several,CAT005,2022-01-29,269.0
P354,Apple Apple Watch Try,CAT004,2025-05-10,349.76
P355,Apple Services Dinner,CAT009,2025-02-26,953.32
P356,"MacBook Pro 13""",CAT003,2025-03-15,255.56
P357,Apple Accessories Anyone,CAT008,2025-01-02,312.66
P358,Apple Software Ahead,CAT010,2025-04-04,977.77
P359,Apple Services Space,CAT009,2021-12-20,616.94
P360,iPad 9th Gen,CAT002,2025-07-17,331.42
P361,Apple Apple TV Everybody,CAT006,2024-07-30,220.46
P362,iPhone 11 mini,CAT001,2024-04-19,170.24
P363,iPhone 13 mini,CAT001,2023-08-28,327.52
P364,MacBook Air M1,CAT003,2022-06-15,147.45
P365,iPhone 11 ,CAT001,2023-09-30,495.92
P366,Apple Accessories Security,CAT008,2024-08-10,373.66
P367,iPhone 12 ,CAT001,2024-05-31,158.37
P368,iPad 8th Gen,CAT002,2021-10-15,517.15
P369,Apple Software Low,CAT010,2025-06-11,647.96
P370,iPhone 13 Pro,CAT001,2025-06-27,820.57
P371,Apple AirPods Though,CAT005,2024-05-21,130.91
P372,Apple Apple Watch Mrs,CAT004,2022-10-30,162.52
P373,Apple HomePod Fly,CAT007,2022-08-30,625.99
P374,Apple Software Both,CAT010,2024-05-07,264.39
P375,Apple Services Across,CAT009,2025-05-20,411.35
P376,Apple Accessories Arrive,CAT008,2021-11-08,332.48
P377,Apple Software Region,CAT010,2025-01-24,990.52
P378,Apple AirPods Ahead,CAT005,2023-07-28,590.19
P379,iPhone 11 mini,CAT001,2023-06-26,144.26
P380,Apple Apple Watch Leg,CAT004,2021-11-09,644.23
P381,Apple AirPods Adult,CAT005,2021-10-30,677.4
P382,"MacBook Pro 13""",CAT003,2024-03-12,215.11
P383,iPad 9th Gen,CAT002,2024-11-09,52.53
P384,Apple Accessories Might,CAT008,2022-09-16,704.89
P385,Apple Accessories Step,CAT008,2022-12-13,326.69
P386,Apple Apple Watch Buy,CAT004,2022-11-01,323.69
P387,Apple AirPods Something,CAT005,2022-07-10,717.83
P388,Apple Accessories Reason,CAT008,2021-11-16,117.61
P389,Apple Apple Watch Environment,CAT004,2022-05-11,927.71
P390,Apple Beats Involve,CAT011,2024-05-08,610.29
P391,Apple Apple Watch Close,CAT004,2024-02-07,453.87
P392,Apple Services Tend,CAT009,2024-01-22,263.56
P393,MacBook Air M1,CAT003,2024-03-22,835.29
P394,iPad 9th Gen,CAT002,2023-03-02,207.62
P395,Apple AirPods Police,CAT005,2023-01-23,615.28
P396,Apple Software Thank,CAT010,2025-05-19,925.12
P397,Apple Accessories Certainly,CAT008,2022-03-16,168.13
P398,Apple AirPods Lot,CAT005,2025-06-09,714.74
P399,Apple AirPods Short,CAT005,2021-12-13,525.44
P400,Apple Accessories Force,CAT008,2022-05-30,465.86
P401,Apple Software Cultural,CAT010,2025-02-25,87.86
P402,Apple HomePod Else,CAT007,2021-12-01,747.8
P403,Apple Software Consider,CAT010,2022-03-19,287.84
P404,iPad 9th Gen,CAT002,2024-10-19,963.81
P405,Apple Software Land,CAT010,2024-11-21,607.76
P406,iPhone 11 ,CAT001,2022-11-30,597.42
P407,MacBook Air M1,CAT003,2022-03-12,543.01
P408,Apple Accessories Art,CAT008,2024-12-18,920.26
P409,MacBook Air M1,CAT003,2024-01-23,653.04
P410,Apple Accessories We,CAT008,2022-07-31,970.59
P411,Apple Accessories Service,CAT008,2024-03-09,380.55
P412,Apple Apple TV Truth,CAT006,2022-07-07,355.0
P413,iPad 9th Gen,CAT002,2025-05-07,363.3
P414,Apple Accessories Bit,CAT008,2021-12-22,323.8
P415,Apple HomePod Year,CAT007,2024-04-19,822.88
P416,Apple Services Really,CAT009,2024-08-05,84.85
P417,iPad 8th Gen,CAT002,2021-12-13,289.77
P418,iPad 8th Gen,CAT002,2022-03-22,871.66
P419,iPhone 11 mini,CAT001,2025-02-21,488.87
P420,iPhone 13 mini,CAT001,2023-10-27,393.68
P421,Apple Accessories Central,CAT008,2023-11-22,644.13
P422,iPhone 13 ,CAT001,2022-04-21,571.75
P423,Apple AirPods Stop,CAT005,2023-10-13,466.2
P424,Apple Accessories Statement,CAT008,2023-03-15,165.34
P425,Apple Beats Sort,CAT011,2023-06-26,628.42
P426,Apple Apple Watch Feeling,CAT004,2022-02-13,724.28
P427,Apple AirPods Stage,CAT005,2023-12-16,573.29
P428,Apple Services Heavy,CAT009,2025-06-05,437.58
P429,Apple Apple Watch Color,CAT004,2022-05-10,992.63
P430,iPad 8th Gen,CAT002,2022-05-13,949.7
P431,Apple Beats Peace,CAT011,2024-06-02,840.53
P432,Apple Accessories Ok,CAT008,2021-12-31,936.01
P433,Apple AirPods Sort,CAT005,2023-10-18,533.42
P434,Apple AirPods Throughout,CAT005,2022-03-26,444.71
P435,Apple Accessories Million,CAT008,2023-08-12,981.22
P436,Apple Apple Watch Stock,CAT004,2024-05-02,483.94
P437,MacBook Air M1,CAT003,2023-08-31,231.07
P438,Apple Software Let,CAT010,2021-10-24,532.82
P439,"MacBook Pro 13""",CAT003,2023-06-22,312.43
P440,Apple HomePod Sell,CAT007,2021-10-19,372.87
P441,Apple Services Effort,CAT009,2022-11-30,303.8
P442,iPhone 12 mini,CAT001,2023-11-16,333.62
P443,Apple Software Receive,CAT010,2023-09-14,600.92
P444,Apple Beats Pay,CAT011,2023-04-12,515.15
P445,MacBook Air M1,CAT003,2022-10-20,561.64
P446,Apple Apple TV Though,CAT006,2024-01-19,365.81
P447,Apple Services Short,CAT009,2023-04-19,408.34
P448,Apple Apple TV Perhaps,CAT006,2023-11-22,876.11
P449,Apple Apple Watch Important,CAT004,2025-01-29,593.2
P450,Apple Apple Watch School,CAT004,2024-12-13,863.2
P451,Apple HomePod Into,CAT007,2025-04-05,91.45
P452,Apple Accessories Leader,CAT008,2024-08-16,719.96
P453,Apple HomePod Focus,CAT007,2024-02-12,416.76
P454,Apple Beats Could,CAT011,2025-06-26,802.76
P455,Apple Beats Space,CAT011,2023-09-12,981.77
P456,Apple Accessories Region,CAT008,2021-12-04,966.57
P457,MacBook Air M1,CAT003,2023-07-12,876.21
P458,Apple Accessories Three,CAT008,2022-06-30,144.72
P459,Apple Accessories Some,CAT008,2024-09-06,64.57
P460,MacBook Air M1,CAT003,2023-01-25,877.38
P461,"MacBook Pro 13""",CAT003,2023-04-19,496.01
P462,Apple AirPods Day,CAT005,2022-03-08,371.62
P463,Apple HomePod Visit,CAT007,2025-02-07,667.33
P464,Apple Apple TV Pick,CAT006,2023-12-14,859.71
P465,Apple Services Final,CAT009,2023-05-07,411.0
P466,Apple Apple TV Finish,CAT006,2025-08-03,645.45
P467,Apple Accessories Throughout,CAT008,2022-09-16,878.75
P468,iPhone 11 Pro,CAT001,2023-09-11,273.02
P469,Apple Beats Middle,CAT011,2021-10-15,924.87
P470,Apple Apple Watch Effect,CAT004,2022-10-04,759.42
P471,Apple HomePod Group,CAT007,2024-06-08,979.41
P472,Apple Beats Day,CAT011,2021-09-16,718.69
P473,iPad 8th Gen,CAT002,2024-06-21,208.04
P474,Apple AirPods Include,CAT005,2023-06-23,908.24
P475,iPhone 12 Pro,CAT001,2021-10-26,328.69
P476,Apple Apple TV Value,CAT006,2022-03-12,459.14
P477,Apple Apple Watch Eight,CAT004,2022-01-08,554.6
P478,Apple Software Become,CAT010,2023-02-22,697.7
P479,"MacBook Pro 13""",CAT003,2025-07-23,216.31
P480,Apple Software Bring,CAT010,2025-03-09,877.29
P481,Apple Software Real,CAT010,2023-09-19,698.97
P482,Apple Accessories Watch,CAT008,2023-09-08,917.18
P483,"MacBook Pro 13""",CAT003,2025-01-02,488.08
P484,Apple AirPods Remain,CAT005,2024-07-11,486.58
P485,Apple Beats Center,CAT011,2025-04-27,58.92
P486,Apple Accessories More,CAT008,2023-11-27,906.14
P487,Apple Beats Phone,CAT011,2023-02-09,569.26
P488,iPad 8th Gen,CAT002,2025-07-16,947.96
P489,Apple Software Mouth,CAT010,2024-10-02,334.19
P490,Apple HomePod Challenge,CAT007,2022-11-07,705.79
P491,Apple Accessories Despite,CAT008,2025-03-16,853.03
P492,Apple Apple Watch Nearly,CAT004,2025-06-12,999.39
P493,Apple Accessories Million,CAT008,2023-05-13,151.31
P494,Apple HomePod War,CAT007,2025-07-01,593.32
P495,Apple Software Perhaps,CAT010,2021-10-27,331.07
P496,Apple AirPods Painting,CAT005,2023-05-27,70.83
P497,Apple Beats Democrat,CAT011,2022-01-01,426.01
P498,iPhone 11 mini,CAT001,2023-03-23,789.39
P499,iPhone 11 mini,CAT001,2024-01-22,521.88
P500,Apple AirPods Develop,CAT005,2023-10-05,786.94
P501,Apple Apple Watch Half,CAT004,2022-01-05,626.7
P502,Apple Apple TV Lead,CAT006,2023-08-05,258.04
P503,Apple Apple Watch Often,CAT004,2022-01-25,639.84
P504,Apple Beats Tree,CAT011,2025-01-22,767.79
P505,Apple Beats Exactly,CAT011,2022-06-21,696.8
P506,"MacBook Pro 13""",CAT003,2023-08-30,908.22
P507,Apple Beats Because,CAT011,2023-10-17,87.44
P508,Apple Accessories Style,CAT008,2022-12-20,81.69
P509,Apple Apple TV Tv,CAT006,2022-10-07,745.73
P510,iPad 8th Gen,CAT002,2024-11-19,360.37
P511,Apple HomePod Close,CAT007,2022-10-21,216.85
P512,MacBook Air M1,CAT003,2022-12-19,554.3
P513,Apple AirPods Political,CAT005,2025-07-04,838.94
P514,Apple AirPods Debate,CAT005,2024-08-21,918.34
P515,Apple Accessories Card,CAT008,2024-09-30,969.0
P516,Apple AirPods Prepare,CAT005,2022-01-25,759.22
P517,Apple Apple TV Long,CAT006,2025-01-20,814.01
P518,Apple Accessories Store,CAT008,2023-12-30,964.74
P519,"MacBook Pro 13""",CAT003,2024-12-06,867.12
P520,Apple Beats Myself,CAT011,2021-10-11,980.94
P521,Apple Services Several,CAT009,2025-07-22,397.48
P522,Apple HomePod Social,CAT007,2023-06-23,63.21
P523,Apple Services Government,CAT009,2021-10-06,167.4
P524,Apple Apple TV Million,CAT006,2024-01-25,689.18
P525,Apple Beats Special,CAT011,2021-09-07,299.04
P526,Apple HomePod Family,CAT007,2025-01-14,831.29
P527,Apple Apple TV Lose,CAT006,2021-11-28,152.92
P528,Apple Apple Watch Every,CAT004,2025-06-16,497.89
P529,Apple Software Happy,CAT010,2024-03-12,890.01
P530,Apple Services Physical,CAT009,2023-04-16,361.6
P531,Apple Software Explain,CAT010,2022-07-24,260.29
P532,iPad Air 4,CAT002,2023-03-30,832.65
P533,Apple AirPods Record,CAT005,2024-12-04,666.77
P534,iPad 9th Gen,CAT002,2024-04-08,93.07
P535,iPhone 12 ,CAT001,2024-02-14,160.3
P536,Apple Apple Watch Tax,CAT004,2023-10-15,892.89
P537,MacBook Air M1,CAT003,2025-07-29,480.95
P538,Apple Beats Listen,CAT011,2022-09-16,951.9
P539,Apple Services Budget,CAT009,2024-05-16,448.16
P540,MacBook Air M1,CAT003,2024-11-19,672.17
P541,Apple Accessories Director,CAT008,2025-02-06,634.86
P542,Apple AirPods General,CAT005,2022-09-24,81.07
P543,Apple Apple TV Test,CAT006,2025-02-06,256.4
P544,Apple Accessories Life,CAT008,2023-08-04,953.02
P545,Apple Apple TV Challenge,CAT006,2022-03-19,144.38
P546,Apple Beats Buy,CAT011,2024-11-03,398.96
P547,Apple Beats They,CAT011,2025-04-25,390.73
P548,Apple HomePod Course,CAT007,2023-12-16,312.08
P549,iPad 8th Gen,CAT002,2023-07-21,137.08
P550,Apple Apple Watch Their,CAT004,2023-09-20,659.61
P551,Apple Software Increase,CAT010,2025-05-18,972.53
P552,iPhone 12 Pro,CAT001,2021-11-29,989.37
P553,Apple Software Month,CAT010,2022-11-07,244.94
P554,Apple Services Kind,CAT009,2023-09-23,246.79
P555,Apple Apple Watch Fine,CAT004,2024-05-08,822.39
P556,Apple Apple Watch Sea,CAT004,2024-04-04,362.12
P557,"MacBook Pro 13""",CAT003,2024-09-01,313.4
P558,"MacBook Pro 13""",CAT003,2023-11-08,563.19
P559,"MacBook Pro 13""",CAT003,2023-03-03,677.99
P560,iPhone 13 Pro,CAT001,2025-02-11,390.32
P561,Apple Apple Watch Market,CAT004,2024-08-10,609.4
P562,iPhone 13 ,CAT001,2025-07-04,99.77
P563,Apple HomePod Policy,CAT007,2025-02-18,549.77
P564,iPad 8th Gen,CAT002,2022-10-01,475.85
P565,Apple Apple TV Reason,CAT006,2023-04-08,537.57
P566,iPad 8th Gen,CAT002,2023-07-21,528.64
P567,Apple Software Head,CAT010,2025-01-29,91.19
P568,Apple Beats Stop,CAT011,2022-09-02,545.37
P569,Apple Accessories Opportunity,CAT008,2023-07-28,661.16
P570,iPhone 13 ,CAT001,2023-03-31,854.92
P571,Apple HomePod When,CAT007,2022-04-27,701.78
P572,Apple Accessories Woman,CAT008,2022-12-01,726.77
P573,Apple Accessories Mother,CAT008,2022-06-04,119.81
P574,iPad 8th Gen,CAT002,2025-04-09,627.87
P575,iPad 9th Gen,CAT002,2021-10-11,311.26
P576,Apple Beats Within,CAT011,2024-02-18,606.09
P577,Apple Apple TV They,CAT006,2024-02-12,411.85
P578,Apple Software Also,CAT010,2021-10-06,554.02
P579,Apple Accessories War,CAT008,2022-10-12,530.26
P580,Apple HomePod Practice,CAT007,2024-05-23,144.21
P581,iPad Air 4,CAT002,2022-11-24,668.36
P582,Apple Services Stuff,CAT009,2023-08-08,734.79
P583,Apple Apple Watch True,CAT004,2025-01-03,458.56
P584,Apple Apple Watch Later,CAT004,2024-12-25,443.11
P585,Apple Accessories Election,CAT008,2022-06-16,428.78
P586,iPad 8th Gen,CAT002,2023-04-25,455.42
P587,Apple Beats Song,CAT011,2024-06-19,292.14
P588,MacBook Air M1,CAT003,2022-02-21,113.77
P589,iPad 9th Gen,CAT002,2023-07-03,460.27
P590,Apple Apple TV Strong,CAT006,2023-03-08,821.17
P591,Apple Services Skill,CAT009,2023-03-02,106.97
P592,Apple Services Nothing,CAT009,2022-06-09,583.59
P593,Apple Beats Probably,CAT011,2022-04-19,166.11
P594,Apple Apple TV Peace,CAT006,2021-12-15,879.92
P595,Apple HomePod Toward,CAT007,2025-02-13,874.68
P596,iPhone 12 mini,CAT001,2021-10-18,346.82
P597,iPad Air 4,CAT002,2022-11-15,532.03
P598,MacBook Air M1,CAT003,2025-05-01,263.02
P599,iPad 8th Gen,CAT002,2022-11-11,853.09
P600,Apple Apple TV Weight,CAT006,2023-12-12,159.13
P601,Apple AirPods Within,CAT005,2025-05-02,595.39
P602,Apple HomePod Cost,CAT007,2022-08-26,852.89
P603,Apple Software Trial,CAT010,2025-06-28,632.88
P604,Apple Beats Of,CAT011,2023-07-30,578.89
P605,Apple Software One,CAT010,2022-02-03,932.62
P606,Apple AirPods The,CAT005,2025-03-25,77.5
P607,Apple AirPods Pass,CAT005,2025-01-05,717.55
P608,Apple AirPods Than,CAT005,2023-09-13,925.45
P609,Apple Apple TV Standard,CAT006,2025-04-11,55.79
P610,MacBook Air M1,CAT003,2022-04-13,116.1
P611,Apple Beats Focus,CAT011,2024-12-11,973.21
P612,iPad Air 4,CAT002,2023-09-21,553.95
P613,Apple HomePod Single,CAT007,2023-09-05,448.83
P614,Apple Apple TV Lead,CAT006,2025-05-29,199.53
P615,Apple AirPods Project,CAT005,2025-01-10,735.51
P616,Apple Software Whose,CAT010,2023-12-13,616.4
P617,iPhone 13 Pro,CAT001,2024-12-26,766.7
P618,iPhone 11 Pro,CAT001,2023-05-10,308.49
P619,Apple Beats Someone,CAT011,2023-07-21,452.8
P620,Apple Software Argue,CAT010,2024-02-10,469.93
P621,Apple AirPods Candidate,CAT005,2022-02-22,254.78
P622,Apple Services So,CAT009,2022-11-13,158.12
P623,Apple HomePod Majority,CAT007,2022-03-01,155.34
P624,Apple Beats Stage,CAT011,2022-12-17,694.55
P625,Apple Accessories Record,CAT008,2024-08-22,550.58
P626,Apple AirPods Place,CAT005,2025-05-05,93.14
P627,Apple HomePod Fire,CAT007,2024-07-16,985.21
P628,iPhone 13 Pro,CAT001,2023-02-21,336.34
P629,Apple Apple Watch Voice,CAT004,2022-10-08,778.97
P630,Apple AirPods Cold,CAT005,2022-12-13,324.96
P631,iPad 9th Gen,CAT002,2021-11-23,522.51
P632,Apple HomePod These,CAT007,2024-02-23,216.9
P633,Apple HomePod Likely,CAT007,2023-07-15,555.94
P634,Apple Apple Watch Full,CAT004,2022-10-10,525.24
P635,Apple Beats Respond,CAT011,2021-12-10,815.88
P636,iPad 8th Gen,CAT002,2024-08-07,868.67
P637,iPhone 12 Pro,CAT001,2025-05-08,486.76
P638,iPad 8th Gen,CAT002,2022-09-12,596.96
P639,Apple Software Talk,CAT010,2022-01-25,434.19
P640,Apple Beats Coach,CAT011,2025-05-05,446.8
P641,iPad 8th Gen,CAT002,2023-07-08,69.8
P642,Apple Apple TV Your,CAT006,2025-02-28,213.27
P643,Apple Software Weight,CAT010,2023-01-23,487.08
P644,Apple Apple TV Clearly,CAT006,2022-03-03,133.71
P645,iPad 9th Gen,CAT002,2023-12-12,463.88
P646,Apple HomePod Relate,CAT007,2025-01-31,547.75
P647,Apple HomePod To,CAT007,2022-08-14,876.99
P648,Apple Apple TV Peace,CAT006,2023-11-02,260.48
P649,"MacBook Pro 13""",CAT003,2022-02-24,534.95
P650,iPad Air 4,CAT002,2021-09-30,534.44
P651,Apple Apple TV Really,CAT006,2023-10-25,383.53
P652,Apple Beats Purpose,CAT011,2021-09-30,824.28
P653,Apple Apple Watch Story,CAT004,2023-05-18,147.65
P654,Apple AirPods Speech,CAT005,2024-05-08,237.4
P655,Apple Software Hot,CAT010,2021-09-22,195.22
P656,Apple Beats Process,CAT011,2024-09-04,121.58
P657,Apple Beats Phone,CAT011,2025-06-09,519.4
P658,Apple Software Good,CAT010,2024-09-01,771.87
P659,Apple Accessories Party,CAT008,2022-10-30,697.07
P660,Apple Software Else,CAT010,2024-06-13,660.83
P661,Apple Software Statement,CAT010,2022-08-11,357.04
P662,Apple Beats Business,CAT011,2024-03-22,350.32
P663,Apple Accessories Carry,CAT008,2023-01-09,114.86
P664,Apple Accessories None,CAT008,2023-09-01,649.81
P665,Apple AirPods Investment,CAT005,2024-04-17,611.84
P666,Apple Apple TV Kind,CAT006,2022-11-12,531.96
P667,Apple AirPods Factor,CAT005,2024-10-23,488.65
P668,iPhone 13 ,CAT001,2023-03-25,840.1
P669,iPad Air 4,CAT002,2025-06-02,871.03
P670,iPad Air 4,CAT002,2024-09-11,614.37
P671,Apple HomePod Production,CAT007,2024-10-21,489.57
P672,Apple Services Accept,CAT009,2023-06-21,956.51
P673,iPhone 12 mini,CAT001,2024-12-20,669.24
P674,Apple Apple TV Great,CAT006,2024-10-04,624.75
P675,Apple Services Short,CAT009,2021-10-13,193.31
P676,iPhone 12 Pro,CAT001,2024-03-08,820.41
P677,Apple Apple TV Appear,CAT006,2022-03-15,983.26
P678,iPad Air 4,CAT002,2022-04-13,663.81
P679,iPhone 13 mini,CAT001,2021-12-10,465.86
P680,Apple Accessories Head,CAT008,2022-07-01,547.86
P681,Apple Software With,CAT010,2022-04-01,200.8
P682,Apple Apple TV Role,CAT006,2023-09-17,922.03
P683,Apple HomePod Fish,CAT007,2022-07-12,438.32
P684,Apple Apple TV Available,CAT006,2023-08-02,694.94
P685,iPhone 11 mini,CAT001,2022-12-06,367.91
P686,Apple Apple TV Two,CAT006,2024-08-14,139.77
P687,Apple Beats While,CAT011,2023-07-11,417.23
P688,Apple AirPods Few,CAT005,2025-05-05,737.54
P689,Apple Beats World,CAT011,2022-11-25,966.18
P690,Apple Software Beautiful,CAT010,2025-03-03,879.61
P691,Apple Apple TV Store,CAT006,2024-12-04,127.42
P692,Apple Beats Story,CAT011,2022-05-10,184.35
P693,Apple Apple TV Wind,CAT006,2023-09-01,344.71
P694,Apple Beats Street,CAT011,2024-07-18,713.55
P695,Apple HomePod Mind,CAT007,2025-01-31,172.49
P696,iPad 8th Gen,CAT002,2023-12-22,580.97
P697,Apple Beats Dinner,CAT011,2022-02-01,802.07
P698,"MacBook Pro 13""",CAT003,2023-12-23,663.71
P699,Apple HomePod Compare,CAT007,2022-02-26,533.05
P700,iPhone 12 ,CAT001,2025-05-25,221.24
P701,Apple Apple Watch Mention,CAT004,2023-09-10,374.64
P702,Apple Accessories Prove,CAT008,2023-02-25,232.39
P703,"MacBook Pro 13""",CAT003,2025-03-06,123.3
P704,iPad Air 4,CAT002,2023-12-30,782.32
P705,Apple Services Line,CAT009,2025-08-01,85.85
P706,Apple Apple TV Really,CAT006,2024-12-22,882.56
P707,Apple Software Really,CAT010,2024-08-08,174.49
P708,Apple HomePod Never,CAT007,2023-01-28,196.53
P709,"MacBook Pro 13""",CAT003,2022-01-24,735.11
P710,iPhone 12 ,CAT001,2022-12-02,692.53
P711,Apple Apple Watch However,CAT004,2024-12-31,971.1
P712,Apple Software Administration,CAT010,2022-09-25,320.67
P713,Apple Accessories Pass,CAT008,2023-09-28,272.29
P714,Apple Apple Watch Three,CAT004,2024-09-20,343.98
P715,Apple Accessories Though,CAT008,2025-03-14,908.77
P716,Apple Apple Watch Finish,CAT004,2023-06-04,399.44
P717,Apple Software Long,CAT010,2023-12-18,985.21
P718,Apple Accessories Management,CAT008,2025-07-28,780.96
P719,Apple HomePod Many,CAT007,2023-01-10,527.75
P720,Apple HomePod Foreign,CAT007,2024-11-02,967.94
P721,Apple Apple Watch Agent,CAT004,2024-06-16,811.19
P722,MacBook Air M1,CAT003,2022-03-21,99.56
P723,Apple Accessories Our,CAT008,2022-01-05,880.4
P724,Apple Services As,CAT009,2024-10-20,937.57
P725,Apple Services Serious,CAT009,2024-04-26,858.6
P726,Apple AirPods Actually,CAT005,2024-01-29,129.67
P727,MacBook Air M1,CAT003,2022-02-07,476.84
P728,Apple Services Fund,CAT009,2021-11-26,189.97
P729,Apple HomePod State,CAT007,2023-01-20,137.12
P730,Apple Apple Watch Turn,CAT004,2023-07-05,825.86
P731,Apple Apple TV Identify,CAT006,2021-10-26,933.94
P732,Apple HomePod Whom,CAT007,2023-08-16,100.58
P733,Apple Services Off,CAT009,2024-02-26,405.25
P734,Apple HomePod Second,CAT007,2022-05-01,994.79
P735,Apple Apple TV Three,CAT006,2024-01-05,263.3
P736,Apple Apple TV Management,CAT006,2022-07-04,934.27
P737,Apple Beats Television,CAT011,2024-09-26,368.52
P738,"MacBook Pro 13""",CAT003,2024-06-01,86.38
P739,Apple Accessories Community,CAT008,2022-10-25,711.26
P740,MacBook Air M1,CAT003,2024-04-08,476.16
P741,iPhone 13 Pro,CAT001,2022-03-04,293.12
P742,MacBook Air M1,CAT003,2024-09-19,155.62
P743,Apple AirPods Authority,CAT005,2022-12-25,275.75
P744,iPad 9th Gen,CAT002,2024-06-03,276.51
P745,Apple Beats Contain,CAT011,2024-06-03,804.19
P746,Apple Accessories Dream,CAT008,2021-12-03,109.66
P747,Apple Accessories Follow,CAT008,2025-07-03,616.89
P748,iPhone 11 mini,CAT001,2023-05-31,596.29
P749,MacBook Air M1,CAT003,2023-07-06,457.77
P750,Apple Software Remain,CAT010,2022-06-13,385.17
P751,Apple Software Surface,CAT010,2022-10-06,445.73
P752,Apple Beats Analysis,CAT011,2022-06-14,684.79
P753,Apple Services Process,CAT009,2022-06-25,975.91
P754,iPad Air 4,CAT002,2025-06-20,566.87
P755,Apple Services Really,CAT009,2021-11-09,576.43
P756,Apple HomePod Herself,CAT007,2024-04-20,879.65
P757,iPhone 11 ,CAT001,2022-06-17,981.98
P758,Apple AirPods Beautiful,CAT005,2022-04-10,759.94
P759,Apple Apple TV Since,CAT006,2022-04-09,799.08
P760,Apple Apple TV Station,CAT006,2021-11-12,279.06
P761,Apple Beats Public,CAT011,2024-12-28,646.83
P762,Apple Software That,CAT010,2022-12-12,748.42
P763,Apple Apple TV Know,CAT006,2025-01-07,176.73
P764,Apple Apple TV Fight,CAT006,2023-10-06,568.7
P765,Apple Beats They,CAT011,2022-10-21,216.32
P766,Apple Beats Wear,CAT011,2025-03-26,491.38
P767,Apple Accessories Process,CAT008,2022-07-23,650.14
P768,"MacBook Pro 13""",CAT003,2024-04-02,730.23
P769,Apple Accessories Strong,CAT008,2023-08-14,85.12
P770,Apple Apple Watch Power,CAT004,2021-10-21,91.61
P771,Apple Apple Watch Anything,CAT004,2024-05-02,891.49
P772,Apple Apple TV Occur,CAT006,2024-05-30,936.69
P773,Apple Services Get,CAT009,2022-12-19,428.3
P774,Apple Services Water,CAT009,2025-02-14,499.72
P775,iPhone 11 Pro,CAT001,2024-05-23,321.8
P776,iPhone 11 ,CAT001,2024-03-15,309.55
P777,Apple Apple TV Pressure,CAT006,2022-01-27,465.09
P778,Apple HomePod City,CAT007,2021-12-23,756.13
P779,Apple HomePod Your,CAT007,2023-12-09,372.07
P780,MacBook Air M1,CAT003,2022-02-08,707.46
P781,Apple Apple TV Serve,CAT006,2023-08-29,928.08
P782,Apple Services During,CAT009,2021-10-23,303.37
P783,iPad Air 4,CAT002,2024-04-06,453.26
P784,Apple HomePod None,CAT007,2023-05-30,622.32
P785,MacBook Air M1,CAT003,2022-09-27,355.14
P786,iPad 8th Gen,CAT002,2023-06-25,677.86
P787,Apple AirPods Box,CAT005,2021-10-25,473.61
P788,Apple HomePod Hot,CAT007,2023-03-04,208.3
P789,Apple Accessories Analysis,CAT008,2022-05-16,383.96
P790,iPhone 11 ,CAT001,2023-11-03,634.1
P791,Apple HomePod Other,CAT007,2023-03-04,310.82
P792,iPhone 13 mini,CAT001,2022-11-09,655.63
P793,Apple Apple TV Cold,CAT006,2024-11-01,537.42
P794,Apple Beats Need,CAT011,2025-06-29,201.98
P795,iPhone 13 mini,CAT001,2022-07-07,694.17
P796,Apple Accessories Form,CAT008,2023-10-04,83.05
P797,iPad 9th Gen,CAT002,2024-08-10,789.58
P798,Apple Apple TV Camera,CAT006,2023-03-26,394.03
P799,Apple Software Produce,CAT010,2021-09-24,80.76
P800,MacBook Air M1,CAT003,2022-03-01,951.37
P801,Apple Apple TV Yard,CAT006,2024-07-17,471.73
P802,iPad Air 4,CAT002,2021-09-26,180.8
P803,Apple Apple TV Station,CAT006,2024-09-11,428.12
P804,Apple Beats Order,CAT011,2024-05-02,314.75
P805,iPad 9th Gen,CAT002,2025-04-07,748.88
P806,Apple Accessories Step,CAT008,2021-09-09,541.85
P807,Apple Services Music,CAT009,2022-10-13,161.86
P808,Apple AirPods Recognize,CAT005,2024-06-01,718.83
P809,Apple Apple Watch Most,CAT004,2021-09-29,996.54
P810,Apple AirPods Fund,CAT005,2024-09-12,709.27
P811,Apple Accessories Some,CAT008,2023-06-18,240.16
P812,"MacBook Pro 13""",CAT003,2021-12-03,479.43
P813,Apple Accessories Town,CAT008,2023-10-23,997.39
P814,Apple Beats Call,CAT011,2024-12-11,969.17
P815,Apple Apple TV Resource,CAT006,2022-01-21,684.44
P816,iPad Air 4,CAT002,2025-06-12,565.05
P817,Apple AirPods Stop,CAT005,2022-04-28,858.78
P818,Apple Beats Its,CAT011,2024-02-18,215.38
P819,Apple Apple TV Out,CAT006,2022-07-14,533.31
P820,iPad 9th Gen,CAT002,2022-04-24,802.45
P821,Apple Apple Watch Remain,CAT004,2024-12-23,800.84
P822,iPhone 12 mini,CAT001,2021-12-10,593.65
P823,Apple Accessories Leg,CAT008,2024-06-17,813.47
P824,Apple Services Goal,CAT009,2024-08-13,173.27
P825,iPad 9th Gen,CAT002,2022-11-13,343.82
P826,Apple Accessories Painting,CAT008,2024-06-01,549.4
P827,Apple HomePod Possible,CAT007,2023-09-03,832.16
P828,iPad 9th Gen,CAT002,2024-10-10,973.75
P829,Apple Beats The,CAT011,2023-07-24,120.45
P830,Apple Accessories Just,CAT008,2023-11-09,696.09
P831,Apple Apple TV City,CAT006,2022-09-06,171.91
P832,Apple Services Drop,CAT009,2021-10-14,657.79
P833,"MacBook Pro 13""",CAT003,2023-11-13,460.98
P834,iPhone 13 mini,CAT001,2023-05-20,195.35
P835,"MacBook Pro 13""",CAT003,2024-08-26,356.52
P836,Apple Apple Watch Detail,CAT004,2024-04-01,378.71
P837,Apple Services To,CAT009,2023-04-04,900.17
P838,iPad 8th Gen,CAT002,2022-12-24,236.48
P839,Apple Services Why,CAT009,2021-11-08,310.72
P840,Apple Beats Key,CAT011,2024-09-21,337.67
P841,Apple Services American,CAT009,2022-04-10,138.75
P842,Apple Beats Better,CAT011,2025-04-29,210.19
P843,Apple Software Seem,CAT010,2024-07-13,196.47
P844,Apple Beats Movie,CAT011,2023-05-06,643.25
P845,Apple Software Onto,CAT010,2024-04-14,370.73
P846,Apple Software Which,CAT010,2025-05-13,89.12
P847,iPhone 13 Pro,CAT001,2025-01-30,951.11
P848,Apple Software Wife,CAT010,2023-05-06,301.41
P849,Apple Apple Watch Treatment,CAT004,2024-04-28,778.6
P850,Apple HomePod Top,CAT007,2022-09-24,637.19
P851,iPhone 12 mini,CAT001,2022-09-10,568.29
P852,Apple Beats Particularly,CAT011,2022-11-25,958.81
P853,Apple Accessories Information,CAT008,2023-08-25,282.62
P854,Apple Beats Administration,CAT011,2022-12-20,435.78
P855,Apple Accessories Whatever,CAT008,2024-06-04,119.31
P856,iPhone 13 ,CAT001,2022-06-21,444.83
P857,Apple Accessories Congress,CAT008,2023-04-21,243.81
P858,Apple Software Campaign,CAT010,2024-07-07,186.48
P859,Apple Apple TV Itself,CAT006,2025-06-29,747.48
P860,Apple Apple TV Continue,CAT006,2022-08-25,976.6
P861,MacBook Air M1,CAT003,2023-02-14,539.22
P862,iPad 8th Gen,CAT002,2024-06-23,279.64
P863,iPad 8th Gen,CAT002,2023-03-12,477.11
P864,"MacBook Pro 13""",CAT003,2022-05-04,98.07
P865,Apple HomePod Home,CAT007,2025-05-01,870.95
P866,Apple HomePod Between,CAT007,2022-06-05,285.85
P867,MacBook Air M1,CAT003,2023-04-30,937.05
P868,Apple Apple TV Election,CAT006,2021-10-16,230.33
P869,MacBook Air M1,CAT003,2025-06-22,996.16
P870,Apple Accessories Among,CAT008,2024-07-15,523.81
P871,Apple AirPods Alone,CAT005,2024-03-13,522.49
P872,iPad 8th Gen,CAT002,2023-02-22,530.16
P873,Apple Apple Watch Us,CAT004,2023-05-22,254.38
P874,Apple Apple TV Treat,CAT006,2024-05-21,96.22
P875,Apple AirPods Trial,CAT005,2025-02-02,520.14
P876,Apple Beats Event,CAT011,2022-11-15,688.88
P877,Apple AirPods Its,CAT005,2024-10-29,559.85
P878,iPad 8th Gen,CAT002,2022-11-28,177.23
P879,Apple AirPods Generation,CAT005,2024-09-18,741.12
P880,Apple HomePod Card,CAT007,2022-01-18,397.63
P881,Apple HomePod Old,CAT007,2024-07-16,98.59
P882,Apple Services Return,CAT009,2023-08-19,234.91
P883,Apple Services Who,CAT009,2022-12-04,324.16
P884,Apple HomePod Trade,CAT007,2022-07-14,529.03
P885,Apple Services Environmental,CAT009,2024-02-28,315.72
P886,Apple Software Sort,CAT010,2022-11-10,696.37
P887,iPad 9th Gen,CAT002,2025-01-07,976.32
P888,Apple HomePod Vote,CAT007,2023-09-22,404.53
P889,Apple Apple TV One,CAT006,2022-10-15,579.93
P890,Apple Apple TV Card,CAT006,2023-02-23,767.21
P891,Apple Apple Watch Look,CAT004,2025-01-22,622.33
P892,Apple HomePod Member,CAT007,2023-09-23,525.06
P893,iPhone 13 Pro,CAT001,2023-03-31,727.9
P894,Apple Accessories Happy,CAT008,2022-01-10,543.36
P895,"MacBook Pro 13""",CAT003,2025-08-04,361.56
P896,Apple Software Believe,CAT010,2025-01-11,352.59
P897,Apple HomePod Your,CAT007,2022-12-17,991.07
P898,Apple AirPods Toward,CAT005,2025-02-14,614.03
P899,Apple Services Indicate,CAT009,2024-01-10,836.86
P900,Apple Services Company,CAT009,2024-10-08,515.34
